{"coordinate_system":"camera_plane_3d","unit":"normalized","model_metadata":{"name":"opencv-color-fiducial-pose","version":"1.0.0","runtime":"OpenCV 4.13.0","input_size":[0,0],"model_hash":null,"notes":"Controlled verification/calibration adapter; not a general human pose model."},"quality_metrics":{"decoded_frames":96,"analyzed_frames":32,"valid_pose_frames":32,"valid_frame_percentage":100.0,"average_landmark_confidence":1.0,"sample_fps":8.0,"source_fps":24.0,"duration_s":4.0},"analytics":{"timestamps":[0.0,0.125,0.25,0.375,0.5,0.625,0.75,0.875,1.0,1.125,1.25,1.375,1.5,1.625,1.75,1.875,2.0,2.125,2.25,2.375,2.5,2.625,2.75,2.875,3.0,3.125,3.25,3.375,3.5,3.625,3.75,3.875],"series":{"left_elbow":[171.17982284025214,171.14129371005075,171.01566212649323,171.1896104033206,171.2913358289121,171.08051213268513,171.27224122792552,171.13569225870958,171.3463295238477,171.46521239339182,171.47404503989821,171.38848601045265,171.40708832887162,171.43586207222967,171.17621525917667,171.15187285406776,171.1158087778334,171.0965832259015,171.00264142809993,171.18609573490488,171.2899252003974,171.0797759091247,171.27213438936084,171.1356609312579,171.3463881245518,171.46526706999566,171.47407436343408,171.38849239383643,171.40709118081233,171.43586311411173,171.17621347789606,171.15187163118776],"right_elbow":[171.4824451636718,171.26235901098764,171.13172092240853,171.16247021322656,171.26425338386937,171.22729714593527,171.4200189102549,171.4380231676234,171.48971466412831,171.62873383189614,171.7409098544808,171.6673327053513,171.54838255001013,171.43115536575908,171.0510310774609,171.05485853687986,170.99709304768427,170.96575808392848,170.99443095023395,171.10618470883722,171.2329596837767,171.20996277428702,171.41041575913354,171.43266403578136,171.48673528400687,171.6270732840271,171.73997788998633,171.66680331886002,171.5480823324198,171.43098423018245,171.05093335384342,171.0548032992541],"left_shoulder":[28.518510642673466,28.486937146364763,28.49893500256887,28.23884536015809,28.033409303753437,28.1150352579307,28.000058910919957,28.08052242724962,28.032153839462897,28.001591043926993,28.020260098478843,28.107653199312807,27.971139469806385,27.930080595986663,28.17329114592394,28.276409150571197,28.43839315754752,28.432039034116983,28.48644426585078,28.254845985958656,28.045595533852172,28.123997489683838,28.005872779068255,28.08410819556734,28.034248949579432,28.002783877850288,28.02091911731468,28.108009144168513,27.971325009127085,27.930176155598918,28.173342824564795,28.27643619677236],"right_shoulder":[28.665518558776416,28.627043973415063,28.57653515453468,28.33434733551938,28.08343152199643,28.0863910456111,27.983079553458825,27.98061797233669,27.962615899304694,27.928923307794385,27.8583402972633,27.89928197551384,27.861673229780983,27.874568900484,28.18558856358113,28.235248812519316,28.477176180941438,28.528604159705143,28.496923414541723,28.297702356258874,28.068097774624864,28.080272617701365,27.98079640962267,27.979760264316504,27.962301124404522,27.92877238742765,27.85824562588873,27.899213687375614,27.861623664041602,27.874532235046406,28.185561591859866,28.235230683691768],"left_hip":[160.7131014839059,160.4327265850727,159.5640467140417,157.93777960651295,155.04773163622167,151.23708367324377,146.580842216827,141.933331067065,138.29094749002863,136.83289015919212,137.84198710693119,141.1561677114408,145.66971723820984,150.41681657766426,154.45203867064825,157.2082489407478,158.8346914218892,159.43431038490985,158.9694054670648,157.51635840696022,154.77294079566738,151.05571596301107,146.46163943149193,141.8580291008668,138.24515043710358,136.80666245218126,137.82757905024937,141.1488637206311,145.66619369532373,150.41518545521996,154.45128471072954,157.20788590216478],"right_hip":[160.31612245268298,160.30275982595612,159.6631331171102,158.11576756037158,155.409262417173,151.71522922237227,147.0338301168144,142.36001983533595,138.66276811709614,137.29411239908322,138.28413341917113,141.6333098766554,146.2060704362337,151.0150703922456,154.80801483197865,157.60796703210391,158.97805345142186,159.60891692260805,159.2316115265202,157.76528845809202,155.1754986703483,151.55862779111018,146.92955237694642,142.29367953257943,138.6223664644339,137.2709433771594,138.2713933562739,141.62687442463482,146.20299110302042,151.01366468494447,154.80737650173015,157.6076666846648],"left_knee":[171.8117316325478,171.27047476028451,169.572242759015,166.45496238604525,161.48823265731508,155.0791590519027,147.74968059361723,140.61588331131424,135.45431057907533,133.17125059383542,134.72124531362942,139.69495272969166,146.5517901821198,153.98093526878554,160.44679627948742,165.27755139119998,168.30067545731944,169.36081544974374,168.51087047345143,165.80737851375605,161.08071381358693,154.81853372886593,147.5828083101962,140.51198269308335,135.3917618437484,133.13545966332583,134.7015634066879,139.6848480128117,146.54682771688547,153.9785774085349,160.44567512608,165.27700019404656],"right_knee":[171.76913603901332,171.60823045251792,170.20345355170787,167.18847392013166,162.38328472954922,156.26331708702122,148.9708619043043,141.84819245002123,136.32228673130743,134.3295644774052,135.8973050169697,140.81483384624548,147.6827080505452,155.1280359657448,161.33909343542172,166.19350534891313,168.73144142652114,169.91400934140825,169.21253393099235,166.58229724001046,162.00343994618675,156.02155292831148,148.8164346859149,141.7522203803577,136.26464848068642,134.2966015412696,135.87915423155272,140.80549864558,147.6781142421759,155.12584571607835,161.33804479109213,166.19298842434534],"trunk_inclination":[0.13868649489472362,0.09718727273838611,0.05903800265661997,0.04787579261479689,0.017050774296839342,0.03856749913291812,0.04745357453924826,0.05290250416982282,0.024909746066842004,0.04171855041433597,0.043085680926153946,0.027390977122217296,0.009431410498674636,0.007323521822408325,0.031354288801984403,0.016183606738493696,0.01574633265043359,0.021357501412132343,0.014746240502296492,0.03230716445295171,0.009079917075488083,0.03435765718108856,0.045243589083320566,0.05172644320854869,0.024286141013300934,0.04137015858620185,0.04288853847914451,0.027277837264602135,0.009365405819186302,0.007362756473914879,0.03133009666561968,0.016169270731645258]},"summaries":{"left_elbow":{"min":171.00264142809993,"max":171.47407436343408,"range":0.47143293533414976,"mean":171.2554740300935,"median":171.23087239634071,"std":0.1444676425926018,"p05":171.05092470694052,"p95":171.4692171564518},"right_elbow":{"min":170.96575808392848,"max":171.7409098544808,"range":0.775151770552327,"mean":171.34236151688083,"median":171.4152173346942,"std":0.23628153931799117,"p05":170.99589510383163,"p95":171.70002303843705},"left_shoulder":{"min":27.930080595986663,"max":28.518510642673466,"range":0.5884300466868027,"mean":28.152292822240945,"median":28.095880697440073,"std":0.1808157021369758,"p05":27.952705978413025,"p95":28.49233618165661},"right_shoulder":{"min":27.85824562588873,"max":28.665518558776416,"range":0.8072729328876846,"mean":28.120563133729345,"median":28.025588664041845,"std":0.25046747609789705,"p05":27.860146148991365,"p95":28.599264123030853},"left_hip":{"min":136.80666245218126,"max":160.7131014839059,"range":23.90643903172463,"mean":149.56210478978807,"median":150.73626627033767,"std":8.176034382957381,"p05":137.3799690492736,"p95":159.95495265600564},"right_hip":{"min":137.2709433771594,"max":160.31612245268298,"range":23.045179075523578,"mean":149.91850238683975,"median":151.28684909167788,"std":8.055852569761425,"p05":137.8316169255381,"p95":159.95096513609084},"left_knee":{"min":133.13545966332583,"max":171.8117316325478,"range":38.67627196922197,"mean":153.0773966031872,"median":154.39973449882575,"std":13.094878623099387,"p05":134.0129226409043,"p95":170.3364471595863},"right_knee":{"min":134.2966015412696,"max":171.76913603901332,"range":37.47253449774371,"mean":154.01740965497822,"median":155.57479444702813,"std":12.88087342210362,"p05":135.18183884218632,